<?xml version="1.0" encoding="UTF-8"?>
<project-private xmlns="http://www.netbeans.org/ns/project-private/1">
    <editor-bookmarks xmlns="http://www.netbeans.org/ns/editor-bookmarks/2" lastBookmarkId="0"/>
    <open-files xmlns="http://www.netbeans.org/ns/projectui-open-files/2">
        <group>
            <file>file:/C:/Users/HP/Desktop/Practica_6/web/index.html</file>
            <file>file:/C:/Users/HP/Desktop/Practica_6/web/perfil.jsp</file>
            <file>file:/C:/Users/HP/Desktop/Practica_6/src/java/Primero.java</file>
            <file>file:/C:/Users/HP/Desktop/Practica_6/src/java/Segundo.java</file>
            <file>file:/C:/Users/HP/Desktop/Practica_6/src/java/Modelo/Autentificacion.java</file>
            <file>file:/C:/Users/HP/Desktop/Practica_6/src/java/Controlador/Login.java</file>
            <file>file:/C:/Users/HP/Desktop/Practica_6/src/java/Controlador/ProfileController.java</file>
            <file>file:/C:/Users/HP/Desktop/Practica_6/src/java/Modelo/Usuario.java</file>
            <file>file:/C:/Users/HP/Desktop/Practica_6/web/Registro.html</file>
        </group>
    </open-files>
</project-private>
