<?xml version="1.0" encoding="UTF-8"?>
<project-private xmlns="http://www.netbeans.org/ns/project-private/1">
    <open-files xmlns="http://www.netbeans.org/ns/projectui-open-files/2">
        <group>
            <file>file:/C:/Users/HP/Desktop/Sesion/src/java/Controlador/ProfileController.java</file>
            <file>file:/C:/Users/HP/Desktop/Sesion/web/index.html</file>
            <file>file:/C:/Users/HP/Desktop/Sesion/web/error.jsp</file>
            <file>file:/C:/Users/HP/Desktop/Sesion/web/perfil.jsp</file>
            <file>file:/C:/Users/HP/Desktop/Sesion/src/java/Controlador/Login.java</file>
            <file>file:/C:/Users/HP/Desktop/Sesion/src/java/Controlador/LogoutController.java</file>
            <file>file:/C:/Users/HP/Desktop/Sesion/src/java/Modelo/Autentificacion.java</file>
            <file>file:/C:/Users/HP/Desktop/Sesion/src/java/Modelo/Usuario.java</file>
            <file>file:/C:/Users/HP/Desktop/Sesion/web/Styles.css</file>
        </group>
    </open-files>
</project-private>
